Company ID,Postal Code
4430503087,00795
3111482680,00851
3384996280,01013
3385001656,01013
4423860709,01027
3372788234,01056
3384465153,01060
3366285071,01069
3384987127,01085
3384987640,01108
3384994931,01108
3384994508,01108
3372788230,01129
3385001575,01151
3384465214,01201
4267904162,01225
3384465310,01238
3384994498,01360
3384961588,01373
3384987166,01420
3384961484,01430
3366571493,01440
3366117583,01460
3384996801,01510
3384465299,01510
3384961533,01532
3384465275,01540
2532666284,01545
3384465234,01608
3384996364,01702
3950168673,01746
3384956540,01752
3385001573,01752
3384950851,01757
3384956453,01801
3385004476,01824
3384956435,01826
3384996694,01835
2532428316,01843
3384465283,01850
3384465706,01852
3384465252,01852
3375790991,01864
3384994266,01867
2678145864,01876
3384956451,01880
3384994585,01886
2678146005,01887
3384465365,01904
2532170603,01923
3384996149,01938
3384996344,01938
3384987108,01960
3366255256,01970
2532170570,01970
3384987225,02021
3384994530,02048
3384987419,02050
3299218395,02067
3384961609,02072
3384987663,02119
4527219287,02122
3384996297,02126
3299244576,02130
3384987233,02131
2549804666,02132
3384996379,02132
3384987154,02132
3384996583,02132
3384956429,02132
3299218383,02138
3384996394,02140
3384465216,02148
2805850442,02148
3384994386,02151
3372788242,02170
3384987421,02176
3384994827,02180
3857191504,02184
3384994394,02186
3366285899,02343
4131169107,02356
2563899846,02360
3366324196,02370
3384996439,02370
3384465568,02453
3384996587,02453
4409533015,02465
3384961501,02472
3384996328,02472
3384465708,02472
3384465055,02472
3384994255,02476
3384987125,02481
3384961542,02664
3384987086,02703
3384987172,02720
4139687365,02740
3384465049,02740
3384951638,02746
4871973522,02763
3384465302,02780
4118566665,02780
3247375791,02816
3384994832,02840
3384987579,02861
2894889206,02864
3384994586,02864
3366285068,02865
4635977170,02888
3384996698,02889
3366255272,02891
4682466572,02895
2621411252,02895
3384996770,02907
2532170578,02910
2554032297,02911
3384465379,02911
3384465375,02914
3384465336,02914
3384996318,03045
3384961509,03051
3384996302,03064
3375793278,03086
3366285067,03104
3384996350,03104
4784740103,03222
3384996361,03244
3384996144,03264
3366272562,03561
2585338708,03570
2532665115,03576
3088008956,03581
3366278402,03743
3384987248,03766
3384961598,03820
3384996427,03820
3384960634,03833
3384961560,03857
3366277587,03865
3384956405,03867
4271664646,03878
3372907483,03904
3384956424,04002
2532666298,04062
3385004584,04072
3384465305,04073
3384956486,04073
3384960627,04083
2532667842,04090
3366277574,04101
4792313612,04106
4281042648,04240
2601916590,04254
3384996720,04330
2601894205,04364
3011259022,04364
3299218388,04401
3384961541,04401
2532170586,04401
3375791005,04462
3384987090,04530
3384994260,04543
3366278404,04572
3384987160,04605
3366292139,04619
3384465155,04730
3326330791,04736
3384951616,04736
3888893126,04756
3384465143,04841
2601946751,04901
3011220350,04903
2913128345,04937
3384464319,04938
3384994545,04953
3010945230,04963
2946411461,05038
3375790999,05060
2951505230,05201
2951185277,05201
3384996305,05301
3366277576,05401
3384987254,05450
3384956589,05454
3384956427,05478
3384996234,05478
2946356843,05602
2532667837,05753
3157878723,05764
2946419037,05819
2946418274,05851
3385004623,06010
2523130858,06010
3384996290,06010
3384955520,06033
3384996189,06037
3384962625,06040
3384956532,06051
3366285054,06062
4838280327,06062
3385004497,06066
3366256045,06069
3372907491,06070
4784974738,06095
3384961387,06095
3384465110,06109
4327388682,06109
3384465306,06111
2522117937,06119
3384960615,06226
3366256052,06260
3372785905,06320
3385004589,06355
3384465215,06355
3384996498,06360
2523741187,06401
3384961672,06405
4733008830,06415
3384465152,06418
2523657655,06450
3385001662,06450
4906072558,06450
3384987099,06457
4210062545,06460
2532666286,06484
4432462789,06492
2523131176,06492
2498298209,06511
2498298385,06511
2508677005,06511
2508683393,06511
2508726014,06511
2508725089,06511
3366255257,06511
3375790995,06511
2498128119,06511
3384961584,06513
2509319780,06514
2508726421,06514
2508726215,06514
3384994802,06516
2523643244,06518
3366291329,06607
3384465059,06608
3380445736,06611
3384994934,06611
3385004613,06702
3384961482,06705
3385001586,06710
2522117730,06712
3385004621,06770
3384987082,06790
3384987209,06795
3384961681,06824
3384465673,06824
3384996627,06850
3256221564,06902
2553547354,06902
4937164174,06902
4821572934,07002
2478927579,07002
2437203226,07002
2472208409,07002
3384996136,07002
3298810073,07003
2424160889,07003
4695472054,07003
2475622892,07008
2482438152,07010
3385001689,07012
2475348912,07013
2407980421,07013
3384994438,07013
2463520254,07018
4539894339,07023
4794356550,07024
3384465112,07024
3366291323,07026
2472211456,07029
3366285048,07030
3384960624,07030
2463477387,07031
2463023631,07032
2472095398,07033
2475538313,07034
3384994516,07040
3299227994,07042
2466600815,07042
2407955987,07047
2472171880,07060
2472211353,07066
2407160124,07066
2475657198,07068
3384996348,07070
2769212800,07070
2462742872,07080
2407982814,07083
2436782258,07088
2475601913,07090
3384956534,07090
2403049762,07103
3384994551,07104
2472195919,07105
2462773373,07108
3384994578,07109
3384996382,07109
2459949518,07110
3052633672,07110
3384465242,07111
2481989259,07111
2472095343,07203
2471942785,07205
3384987260,07304
2433235545,07306
2345366257,07416
3384994570,07417
2479438775,07435
3384987516,07444
2407160226,07450
4813861973,07450
3366291326,07461
3384987262,07470
2463007250,07480
3384994894,07481
2466583245,07506
4979179168,07514
2482437546,07603
2433260947,07604
2472171851,07607
2472171624,07631
2438274844,07644
2466523644,07644
2407160182,07646
4625519805,07649
2472095602,07666
3384956403,07712
3384465396,07712
3384987228,07719
2407980445,07719
2463560205,07728
2403006218,07730
2407160159,07733
2407161918,07735
3384996362,07737
2472171803,07748
2407953143,07753
2472195979,07764
2434000723,07834
2475622680,07840
4066729563,07857
4466021231,07866
2407980392,07869
3384994902,07885
2472086078,07901
2483786213,07920
2407955955,07928
2566831355,07940
3384465254,07940
2466582574,07945
2462917605,08002
2407162056,08002
2482437724,08003
2475636763,08003
2532667822,08004
2407980508,08007
2472195944,08012
2631830561,08016
3384994457,08030
2472089814,08035
2466577035,08053
2407980580,08055
2499086987,08057
4030978324,08065
3384956472,08066
3384994474,08066
2437166177,08069
2462773599,08075
2407161948,08077
2403101381,08078
2478884457,08084
3384956477,08085
2472171544,08087
3384465394,08091
2438274792,08093
3384956398,08094
3384994462,08096
2483302623,08096
4054744536,08103
2483790832,08104
3384996390,08106
3384987637,08106
2467357399,08107
3384996310,08108
3384465313,08108
2483302786,08109
3384987203,08109
2472211535,08109
4734098592,08109
2631889095,08110
2436790016,08201
3384465564,08215
2438278617,08225
2616676660,08244
2483048171,08260
2472063801,08302
3384961600,08302
2483786205,08302
3384987323,08330
2462997878,08332
3366285878,08332
2481997772,08332
3384951633,08360
2630407711,08401
2630382095,08404
2433269677,08406
3384465264,08505
3384956473,08525
3384962623,08527
3384465220,08530
3366272572,08534
2433172454,08542
2483048796,08609
4957512469,08609
4871886702,08609
3384987287,08611
3384956487,08611
2564908298,08619
2319804666,08638
4175545342,08638
2460165635,08648
2472171717,08690
2472086004,08701
2407161973,08721
2407160105,08724
3384961684,08736
3384996384,08742
2475348275,08753
2463421084,08755
2407953118,08759
2407161941,08807
2407953036,08809
2407980525,08812
3384994388,08816
3384961537,08816
2436805511,08822
2403101497,08822
3384996433,08833
2460290834,08840
2407160218,08844
2472211569,08850
3384961534,08857
2462727219,08865
3384956406,08865
3384961543,08865
3366117594,08873
4002035088,08876
2483790743,08876
2482888294,08879
4397794660,08879
2471950182,08884
2483786269,08889
3384996383,10012
3366285056,10013
2434106637,10024
2436975638,10027
4405311855,10027
3135934865,10029
3384956387,10030
3384961476,10306
3384987402,10310
3384960612,10466
3298810070,10470
4979420060,10471
3384994397,10522
3299218387,10530
3384465237,10541
3384994488,10541
3384956598,10543
4094534188,10549
3384465545,10550
2702852298,10566
4505579422,10566
3384956422,10570
3384987132,10598
2532170592,10601
3384961616,10605
3384996327,10704
3366255260,10707
3384994491,10708
3384994479,10801
3375793293,10803
3384987264,10927
3384956525,10928
4718990649,10940
3384465371,10950
3385001579,10990
4704982640,11003
2462914274,11201
2463514070,11201
4838585992,11203
3358700122,11207
3384996160,11209
3347025146,11220
3299232181,11232
3384956459,11235
3384986989,11238
3384961419,11358
3299218380,11370
3384956474,11378
2434000469,11385
4975849439,11421
3384994867,11530
3384996367,11550
3384961486,11552
3384961680,11563
3838691626,11572
3384996812,11590
3384465340,11701
3384961527,11704
3384996579,11757
3384987627,11762
3384956467,11763
3384956261,11771
3384994812,11772
3384994575,11778
4942788988,11779
3384465296,11779
4202120402,11780
4202122296,11780
3384956400,11787
4067270769,11946
3384994402,11968
3384987197,12010
3384987107,12010
4990374504,12047
3384955555,12095
3384465292,12182
4990552522,12188
3384961643,12189
3298810063,12203
3384961547,12203
2519111015,12205
3384996345,12206
3366285890,12401
3384465286,12401
3384994472,12414
3384465140,12487
3384961529,12508
3384994506,12520
3384961426,12533
4473498527,12550
4141734920,12571
4915870528,12572
3375793275,12572
3384994538,12803
3384987448,12828
3157863334,12832
3384960616,12885
3384994405,12901
4691467146,12972
3384465360,13021
3384961353,13027
3384996295,13031
2532170574,13031
3384996426,13104
3366324181,13126
3384961467,13205
3384996456,13206
4759264875,13208
3384996366,13211
3384994555,13212
3384994308,13212
3384465229,13219
3384987122,13224
3384994573,13316
3403226042,13317
3384994720,13320
3384465645,13346
3384962614,13350
3384987133,13350
3141774033,13365
3384465284,13421
4243269001,13667
3384956414,13669
3375793280,13669
3384994697,13760
4105478795,13787
3384996703,13788
4173066833,13811
3384956531,13812
4784633369,13856
2532170601,13903
3366324197,13905
3829877274,14001
3384996332,14020
2532170598,14051
3384956271,14057
3384956331,14068
3384996369,14075
3384994819,14094
4167651072,14120
3384996591,14120
3384987191,14127
2532667814,14150
2576007827,14209
3384951628,14211
3151589269,14215
2581687162,14217
3257284464,14221
3384994521,14224
4512160235,14411
3384996360,14424
3384956395,14433
3384987249,14454
3384994620,14456
3384987131,14487
3384996487,14517
3384956263,14519
3366324175,14559
3384994393,14610
2532667857,14611
3384987135,14612
3384996363,14617
3384987091,14617
4664758272,14621
3385004474,14622
2586482160,14623
3384994528,14623
3384996156,14626
2573632663,14626
3384996150,14701
3385004561,14711
1796582944,14781
3384961355,14810
3384961499,14830
3384465380,14830
4712582590,14830
3384961478,14843
4626604419,14850
3384996747,14886
3384996355,14901
4612928764,14904
3384987178,14904
4267834215,15001
3384956687,15009
4440573177,15010
3384994865,15012
2489248042,15022
2489247967,15022
3384952820,15025
3384987116,15034
3829895559,15034
3384987193,15050
4147369571,15057
3384950864,15062
2489261726,15062
4189873087,15068
3384952824,15076
3135975232,15110
3137474647,15110
4794356181,15112
3137224259,15120
3135975140,15120
4181827495,15126
3362028349,15131
3829892486,15132
3829892505,15133
3384464320,15139
3384952822,15205
2491178531,15206
4764055060,15208
4504392671,15210
4067480469,15215
4597090025,15223
3384961473,15229
3372907480,15229
3385001663,15235
3137486773,15236
3366278400,15236
3384994724,15301
2490354580,15301
2486169690,15313
2486140464,15314
3372785908,15317
3385004488,15317
3384994862,15317
3384996428,15320
3366285053,15401
4187039899,15401
2491064752,15417
2491064663,15417
2491064925,15419
2489262014,15438
2975438499,15601
3384951636,15601
3526777274,15666
3006523596,15683
3384996326,15683
3384987258,15717
2630734651,15748
3159446440,15767
2532667836,15857
3384465639,15902
3384956479,15902
3366118409,15904
3859302162,15946
3384996774,16001
3384996187,16025
4283332607,16053
3384987210,16063
3384960633,16105
2532667841,16117
3384956559,16117
3384996753,16124
3384987596,16125
3384994587,16148
3384987415,16301
2532170602,16323
3366277583,16326
3384996435,16335
3385001570,16353
4629674388,16354
3384961567,16401
3366278403,16403
3384956303,16406
3384986993,16412
3385004520,16502
3384986988,16504
3384994257,16601
3372788249,16601
3384987169,16701
3366291330,16801
3366291313,16801
3366324203,16830
3366117589,16874
3366117579,17013
3375790978,17013
3384987423,17022
2630717150,17036
3384465295,17043
3384465285,17055
3384987022,17055
3366324173,17061
3384994277,17067
3384996631,17098
3375793284,17103
3384956556,17104
3384996319,17109
3384956423,17109
4132974844,17201
3366272561,17202
3384956333,17314
3366118395,17339
3384465315,17340
3384961531,17349
3384994473,17403
4081224058,17509
3384994514,17522
3384996373,17522
3384956433,17540
3384987232,17545
3384996294,17545
3366285880,17557
3384996325,17566
3384994515,17602
3384465239,17602
2532665092,17603
3385001633,17701
2532659370,17701
3384465256,17737
4384730254,17751
3257241265,17901
4835280030,17921
3384465736,17935
3384955554,17954
3384465316,17961
3384465207,17970
3384996447,17972
3384956733,17976
4975561356,17980
3384465231,18018
3384465224,18018
3366291333,18018
3384956515,18031
3384465217,18032
3372785891,18042
3384956456,18051
3384950882,18055
3384952835,18064
3366285075,18067
3385001657,18072
3384956730,18073
3384465647,18080
3384996464,18102
3385004487,18102
4687945339,18104
3384986995,18201
3366118387,18249
2532665088,18411
3384956465,18431
4814221153,18447
4423827768,18452
4683139617,18505
3384987625,18512
3384986991,18519
3385004481,18614
3384996198,18640
3384951634,18640
3384987548,18640
3384955527,18640
3384955518,18642
3385001694,18701
2532678941,18702
3384987247,18704
3384996494,18705
3384987545,18709
3384994417,18801
4283481106,18810
3384465225,18848
2631782748,18901
3384961568,18951
2532170580,18954
4297471084,18966
3384956557,18969
2532170571,19002
3384961677,19004
3384987176,19007
3384994536,19007
2532659358,19014
3384465338,19018
2505669671,19036
2505533676,19036
3384955514,19040
2505466056,19050
3366285892,19053
3384996159,19053
3384465228,19057
3384465255,19063
3384961343,19063
2505110555,19064
2436750218,19067
2505590929,19074
4047672799,19082
3384961615,19083
3384956586,19107
3384465288,19114
4927604634,19120
3135602718,19123
2493471126,19123
2498042094,19124
2493511018,19125
2493511259,19125
3161828497,19128
2493541065,19132
3384996137,19134
2498071010,19135
2498042314,19135
2498094585,19136
2502397050,19138
2493517762,19140
2493510886,19140
3384961550,19142
2493530778,19145
2459960059,19147
2498090836,19149
3381375080,19151
2498061458,19152
3375790994,19152
3384961575,19348
3384956593,19380
3384994392,19382
3384994387,19401
4626423267,19401
3384994831,19444
2502048171,19464
2502404998,19464
2502062356,19464
2502087451,19464
3384465714,19475
4792424614,19475
2502440439,19508
2502041328,19512
3384956542,19522
2532665109,19526
3384465434,19567
4361920540,19601
2502462851,19604
2502536908,19606
3366256043,19611
3384961590,19702
3384465561,19703
2532659350,19711
3384994461,19802
3384994422,19803
3375790988,19805
3384987118,19805
3176807940,19805
3381326061,19805
3384961549,19808
3366292130,19808
2532659356,19904
3384465368,19940
3384996423,19958
3366285885,19963
2532678935,19975
2554355111,20002
3299218384,20003
2502424834,20004
3384465202,20007
4160506305,20010
4676673033,20011
4231586982,20011
4676498999,20011
3384987199,20011
3384994441,20011
2532665079,20012
4676305666,20012
3857117532,20019
3197044854,20019
2672911888,20110
2672911726,20110
2672911963,20110
2672332780,20134
2672344842,20134
2672225791,20151
2228354054,20170
2216281020,20175
2672253350,20176
2212556543,20186
3299232188,20601
3384956415,20601
3366285078,20608
3384961391,20640
4697300727,20646
3385004495,20650
3366118400,20650
3838425707,20678
4902581084,20705
2434127879,20715
3384987447,20736
4676608248,20736
3384994525,20747
4801316490,20748
3384994413,20781
4902579550,20785
3384962617,20785
3384987204,20794
4683079832,20814
3384996721,20814
4191173951,20877
3384961503,20901
3384961415,21009
3385004491,21037
4683215411,21043
4647593274,21043
4683323190,21061
2532678923,21074
3384996147,21087
3299234500,21093
4397931390,21113
3384961490,21117
3384996138,21122
4902600314,21133
4208505682,21133
2621048788,21157
2621409976,21157
2621075780,21157
4683860895,21206
3384987230,21208
2532665107,21212
2532659348,21212
4683861277,21214
2653488055,21214
3384961500,21215
2648426200,21216
4683861324,21217
3911367565,21225
4683951892,21228
4455380403,21230
3366118406,21234
4683999964,21237
4683952308,21286
3280173564,21401
4684000405,21401
4283690569,21401
3121994476,21502
3384987036,21502
4683952866,21532
4692044348,21613
3384994302,21613
3384994442,21632
3280148608,21639
3153340144,21661
2532667853,21701
2174850203,21705
3384465733,21740
3384465273,21740
3385001692,21742
4696023414,21797
2952344414,21801
3384956278,21801
3384996727,21804
3372785902,21811
3384996286,21901
3384465050,21921
2217316280,22032
3299227985,22032
3384955522,22044
2672934571,22046
2672332740,22180
4692043719,22193
3299227982,22201
4482844834,22310
2213114285,22314
4691958458,22314
2532666302,22315
4189502466,22408
3384960609,22427
4298427481,22535
2203176596,22601
4691958530,22601
3384987514,22611
3012845218,22701
2694233281,22727
3384996396,22801
2212557320,22802
2202721031,22812
3384465537,22902
3384961564,22903
3366285898,22963
4166282980,23002
4863102661,23055
3816684269,23093
2217300326,23111
4046923454,23185
3299232186,23188
2631626673,23223
3384961466,23223
3299218381,23228
2217298532,23230
2199780569,23234
2202720955,23322
3384956488,23323
3384994532,23324
2212539620,23336
3384956399,23350
2217298649,23421
4121478442,23430
3372907487,23434
2217298789,23455
2216464341,23462
4979651103,23502
4466112800,23523
3201390171,23601
3385001690,23606
2631638396,23662
3995264922,23663
2212540179,23669
4271242553,23669
2203176637,23704
3366272559,23704
2198854989,23803
4504419242,23803
2198836109,23834
4251305888,23851
3366285061,23872
3011220188,23974
3298810077,24015
2217091563,24016
3384961573,24016
3366285090,24019
2212557561,24055
2213129461,24060
2216207795,24066
2212528137,24073
2203186846,24091
2203196478,24112
2203176685,24112
3384996153,24136
2202720889,24151
3299232194,24153
3384987628,24171
2212558012,24179
3384956304,24201
2199718571,24210
3384996161,24224
3384987512,24228
3366292161,24230
3384951641,24236
2671963050,24251
3384996434,24263
2203200095,24273
3385001585,24277
2671946043,24290
3384465383,24333
4781550002,24354
2203176535,24401
2216280598,24422
2199717588,24426
2216178895,24502
3366324179,24502
3384956407,24502
3366118389,24504
4692044945,24517
4054973410,24523
2212512326,24528
2199710602,24540
3366118405,24557
4793350306,24592
3385001643,24609
2217226985,24614
2217225179,24614
2217226890,24614
2213151064,24635
3384996376,24641
3384987111,24701
3384996288,24740
3384956699,24901
3384962619,25033
3384956500,25064
4277309441,25071
3384956587,25276
4474535417,25309
3384956426,25401
3384961557,25414
4979654077,25504
3384465210,25526
3384465361,25530
3385004615,25541
3384996372,25570
3384994481,25570
3385004588,25701
3385004523,25704
3201389175,25705
4181229210,25801
3384955521,25801
3200163837,25882
3111433472,25901
2532659355,25951
3366255259,26003
2532667817,26034
3330580699,26037
2602089378,26062
3384987631,26101
3384956493,26101
3384994582,26170
3366277568,26301
3366118403,26301
3375790987,26330
3384465401,26337
3384996466,26378
3366255261,26431
3384996335,26501
2841321020,26554
3384465429,26704
3384996597,26711
3384994864,26764
4676305533,26807
2907264771,27025
2906297544,27028
4196629043,27041
3384955535,27055
4901734491,27101
3384994692,27103
3384465729,27116
3384996412,27203
3384994584,27203
2710524639,27208
3299244595,27215
3384994583,27253
3384996418,27253
3218515670,27262
4047598170,27288
3384960632,27288
3384465244,27292
4971161481,27292
4224938382,27295
4736028691,27320
4736163878,27320
4736028794,27320
4736163840,27320
3299227981,27360
3384994344,27360
2532170591,27371
2906319422,27401
2630585112,27401
3385001610,27504
4982098154,27505
4379715830,27536
3384465632,27546
3215164479,27549
3384956686,27573
3375790990,27576
4764295694,27597
4386985319,27603
4361977670,27610
3384956280,27701
3384996313,27701
3384996772,27703
3384994398,27705
2319803350,27713
4676305719,27804
4208657376,27804
3384465119,27804
3384996395,27804
4147138863,27817
4982163396,27834
4164722042,27858
3384996702,27858
3384956391,27870
3384996461,27870
3059514795,27886
3384994251,27889
4691787359,27893
3384961586,27896
3384955551,27896
3366292138,27896
2532666293,27909
3384956402,27909
3384956551,27910
3384960626,27959
3384464323,28001
3384956449,28001
4173198402,28052
3047019899,28054
3366324176,28054
3384961682,28083
3384987252,28092
2900158204,28112
2830557725,28115
3299227993,28115
3384962626,28124
3385004558,28139
3210171922,28139
3299244580,28144
4982108502,28170
3375827651,28202
3384961536,28203
4637983104,28212
3384996230,28216
4173156534,28301
3384956450,28301
3366285876,28301
3385001601,28304
3869634785,28315
3384956341,28327
2602059128,28337
3384994943,28345
3384994527,28352
3401385512,28358
3384961659,28374
3869540140,28376
4243168683,28376
3869558262,28377
3384996192,28379
2830684163,28390
2830683723,28390
4121231958,28401
3384465541,28401
3375791004,28403
2794532516,28425
4688149280,28441
3990155054,28445
2794051871,28458
2794532339,28466
2794523292,28466
4067448697,28472
2741979934,28501
4982098415,28501
3843842584,28503
4121339698,28513
3384994406,28557
3384987175,28607
4786553483,28621
3384951617,28630
3366285888,28650
3384996601,28655
4668532209,28658
3375793276,28658
3375790977,28659
3366291340,28659
3384996163,28675
4461627778,28677
4991000983,28712
3384465764,28716
3384996334,28734
3366278415,28754
3384987159,28782
4367130342,28792
4367177134,28792
3384987200,28801
3384956460,28806
3384994930,28906
2593996028,29020
3384987157,29020
3218593345,29059
3218593187,29078
3225615872,29102
3384996633,29108
2532678949,29108
4792592287,29108
2532678933,29138
4616078334,29150
3384950853,29150
3384956618,29150
3225618696,29203
4979565148,29203
3225617995,29209
3225616518,29229
3384961481,29302
3208781905,29303
3208583291,29306
3218593244,29316
3384465760,29323
2532659373,29325
2599186754,29334
3208760906,29341
3215643494,29356
3384987223,29360
3210171692,29376
4712915135,29379
3214777217,29379
2599145874,29388
3384994253,29403
4472688359,29405
3225617898,29405
4366850623,29407
4647498017,29407
3209550780,29412
3384956491,29440
3913111396,29455
4786528184,29461
4786553763,29464
3384961619,29483
3384987038,29483
4786528290,29501
3384465539,29505
3372788246,29505
2319815970,29506
4398208749,29506
3225197683,29506
3208515707,29510
3215128216,29512
3384465268,29512
3384994617,29520
3225721618,29526
3384987242,29527
2549750086,29550
3218475871,29550
2582997401,29550
3384961555,29550
2583744216,29551
4087629972,29571
3384961658,29574
3218541987,29576
3226271899,29577
3225180374,29577
2532678940,29601
2602749064,29605
2599098066,29605
2599098220,29607
3838803564,29611
2532667839,29620
3218515822,29621
3384956513,29624
3384994512,29624
3208760195,29627
3209550532,29640
2598992037,29644
2602795269,29650
4225592480,29650
2599146087,29651
2599258738,29651
3384987190,29669
3210203918,29678
2598986250,29681
2599199009,29690
3022260749,29691
3252980346,29693
3384987517,29702
3384994275,29720
3384987113,29730
3384986986,29730
3218463623,29801
3384994435,29801
3208515481,29827
3375790983,29829
2532667833,29841
3225196933,29902
3384961624,29926
3384994841,29927
3384961639,29928
3366278421,29936
3257956906,30012
2532170581,30014
3384994261,30016
3259088398,30032
2532659375,30033
4410362322,30040
3384961610,30045
2602703035,30046
2351537569,30046
3258992844,30060
2549862639,30064
3384987234,30067
2764384654,30075
3258468735,30079
3257395569,30080
3055634348,30080
2532665078,30092
3384987602,30101
3384994425,30101
3019699418,30106
4676488410,30110
3058568445,30110
3384987267,30114
3375793287,30114
3384956330,30120
3384994412,30125
4430574620,30127
3059897212,30132
2532659364,30135
3384952825,30161
3366324190,30165
3384956260,30165
3384994504,30168
3384996623,30180
2593995773,30188
3366278406,30189
3385001701,30213
3299227983,30214
3258993340,30214
3375790974,30214
3384961553,30222
3384961421,30236
4379616674,30241
3384996425,30241
3384987253,30253
3023640303,30263
4793311383,30263
3257284690,30263
4166251901,30286
3258862387,30286
4243267901,30310
3258941621,30311
3257462766,30313
4816308847,30315
3384961559,30331
3259059443,30427
4704810997,30434
4462698138,30434
3058608063,30439
3891793250,30442
3384987156,30458
4461774676,30501
3258887673,30511
2532659352,30513
3384956583,30528
3366292135,30540
3384961497,30540
2769196575,30546
3230041575,30577
2532666282,30605
2814987929,30606
3257241358,30643
3384956458,30655
3384996450,30669
2564880669,30705
2712317863,30707
2564880583,30720
2564803909,30721
2564769626,30721
2710589636,30728
2710589675,30747
2711781832,30747
3384994909,30752
4724608105,30814
3046433341,30815
3384996518,30824
3384996312,30901
4786760978,30906
3384994399,30906
3384956692,30907
3384465753,31015
4462698057,31021
3384994513,31021
3384950862,31021
4719080811,31029
3384994423,31030
3397654147,31030
3256307062,31061
3384961815,31061
4990712327,31061
3384987025,31068
3384994581,31088
3366285901,31092
3384996719,31096
3047012443,31201
2532170575,31216
4719325713,31312
4473238269,31316
3257155801,31320
3828119210,31322
4067448607,31324
3385001634,31401
3384994910,31404
2532678950,31405
3384994577,31408
3384987541,31510
4927604567,31516
3384996292,31548
4297615449,31569
3258941144,31602
3384465270,31602
3384956548,31634
3384956484,31639
4297183654,31701
3258417215,31709
2636257009,31714
2636307387,31714
3384996356,31750
2532428317,31768
3309402270,31788
2636504105,31791
3257198811,31791
4970597945,31794
4231156276,31806
4647593694,31825
4361920152,31901
1770418155,31908
3384955516,32025
3384956408,32043
3384956497,32055
3366285085,32063
3384994835,32064
3384465245,32064
3366256055,32082
2331363650,32084
3384961468,32168
2236093400,32169
3384956527,32177
3384465435,32177
3384996462,32187
2532659345,32208
4381071544,32208
3375790984,32208
3384994317,32209
3384987295,32218
3384994510,32234
3384950860,32303
3384996315,32303
3366272568,32333
3384994611,32347
3366272578,32405
2532665117,32405
4090813693,32424
3366291339,32426
3366291320,32439
4468854428,32443
4072181957,32444
3366272554,32501
3372907489,32502
3384996349,32504
3044979470,32505
3384996419,32507
4981219335,32539
3385004616,32547
3385001703,32547
3384987407,32570
3044966265,32570
3384961606,32601
2238467936,32609
3384994546,32703
3366117584,32707
3384996196,32713
3384987180,32724
3384987257,32750
3075112282,32751
3384956334,32805
3384961779,32806
3384961498,32811
3384956519,32818
3384994421,32901
3384996436,32922
3384956419,32937
3384465271,32960
2678146869,33010
3522787075,33023
2532659359,33024
3384960629,33024
3384956462,33060
3384996465,33063
2583404210,33071
4225587221,33125
3384996298,33125
3366291325,33135
3384465343,33162
3384996371,33168
2759218359,33305
4472647065,33311
3384956495,33313
4784744246,33315
2238493180,33317
3384994403,33319
3384956693,33411
3384951622,33430
3384961654,33431
3384961469,33434
2572640279,33460
3384994522,33460
2631830878,33487
3384465705,33510
2331165352,33525
3384950875,33563
2238998448,33592
3372916146,33592
2514833276,33605
2514900936,33606
4311460619,33610
2514835141,33610
3384996135,33612
2532665100,33629
3299218397,33634
4290613100,33705
3384956336,33707
4591499049,33709
2836818893,33713
3366291322,33759
2829861664,33764
3384465240,33765
3384951623,33781
2331165153,33801
3828141500,33803
3384996351,33823
4447295295,33830
4090730021,33830
2331411738,33830
3791407698,33853
3366277593,33853
3384987152,33853
3384996411,33860
3384956622,33881
3384961596,33884
2824006177,33901
2239091833,33901
4990539360,33901
3385004610,33904
2824005658,33909
2824014792,33916
3385004492,33935
3384994272,33950
3384987081,33950
2831334842,34104
3016818906,34112
3385004609,34112
2331164953,34119
3384994458,34205
3384956411,34207
3384994424,34224
3816684458,34234
2532666292,34236
3366256058,34285
1240088853,34293
2331994813,34450
3384996146,34450
3366117597,34470
2239020893,34471
4147060772,34475
2514899992,34601
4765792366,34601
3384961565,34601
2238468852,34639
3384950867,34652
3016751618,34652
3384961651,34655
2815954943,34667
2331967093,34677
2330458827,34683
3385004400,34744
3384994258,34748
2331980610,34950
3384996429,34950
3384987162,34972
3384996374,34994
3384987574,35005
2572163000,35010
2564880456,35020
2564851188,35020
3366285875,35020
3384961570,35045
2636504439,35115
3384996510,35121
3020776972,35150
2698135189,35211
3294778396,35215
2723192395,35215
2319803058,35217
2691915698,35217
3384956694,35244
3384994526,35401
3366291316,35404
3384465253,35473
3366277579,35576
3384960619,35586
3384996445,35654
2532665106,35750
3384987409,35758
3384987227,35768
3384996455,35805
3384996359,35805
3384956468,35816
2320274332,35902
4990976247,36010
2320096290,36037
2724420489,36079
2724394216,36081
2724420981,36081
2724415436,36081
3366256056,36107
4327267493,36108
4423192704,36201
3385001629,36264
3384956498,36301
2532659365,36301
2320860521,36303
3795226212,36303
3384987261,36305
2672166412,36330
3366278409,36330
3384465758,36340
3372785889,36340
3304213523,36350
4676488728,36360
2648165210,36532
3384961563,36567
2532666297,36582
4888859202,36603
2320739421,36603
2952369466,36603
3384996598,36701
2564829116,36801
2564880207,36801
2564891858,36850
3022261828,36854
4888686534,36854
3384961819,36862
1770471092,36867
4196392083,36904
4317942160,36925
2760024920,37033
3384994940,37040
3384955526,37064
4697477086,37066
2736441527,37066
1185988403,37066
2532659367,37087
3385004399,37110
3385004482,37110
3384994312,37121
3384996799,37122
4697432780,37128
2314526956,37128
3372907482,37130
3384996388,37160
2759646535,37172
3385001605,37172
3384465562,37184
4304762488,37207
4668503766,37208
4225974423,37208
3384994497,37211
3384987236,37216
3366324199,37307
4499361052,37312
4252279302,37321
3366292148,37331
3375790996,37334
4676498085,37334
3384996457,37367
3384464314,37379
3384994817,37380
2319814183,37398
3384465378,37398
3384955519,37416
3384996228,37601
3384951640,37601
2532667852,37604
2671945735,37615
2671945108,37617
2671939820,37620
2532170573,37620
3366272570,37620
3384961613,37620
2671940181,37642
3384465066,37643
3384994269,37650
4591680810,37660
2649829278,37660
2671240014,37660
2670534426,37660
3384961471,37660
3384994283,37683
2607381808,37716
2607381626,37716
4697436664,37748
2613915283,37760
3384994414,37763
2607381996,37769
3384994276,37825
3384996443,37840
3355778155,37857
3384465543,37917
2532667829,38008
3366292154,38012
3384465636,38068
3384961675,38080
4802803574,38106
4492534367,38116
4951953818,38126
3896082476,38242
3384996590,38261
2532667828,38305
3384996512,38330
4676488938,38340
3384996314,38343
3384956277,38344
4090730713,38355
3161639358,38401
3034209938,38501
4284996980,38501
3385004597,38501
3384465304,38501
3384464328,38501
4090693233,38556
3372785888,38570
3384994460,38583
2670775528,38655
2550180968,38663
3384955546,38751
3384465135,38804
3384987173,38804
3385001644,38965
3384961569,38967
3384987035,39042
3384961783,39046
2886777399,39051
3869029985,39056
3298810076,39110
3384465683,39120
3384956279,39121
4121463610,39180
3372788247,39180
2319807382,39213
3366255273,39339
4188678169,39429
4178001786,39474
3384987206,39501
3366277598,39503
4764846999,39530
2320274655,39530
3122154139,39530
3384956388,39530
4015869748,39561
4226405931,39562
3384960628,39701
3384465266,39701
3257957306,39701
3384994404,39702
4067318656,39759
3384465355,39759
3384994401,39773
3384950855,39817
4461774757,39842
3257109529,39842
3385001653,40014
3384961594,40047
3946345412,40108
3385004496,40203
3384996780,40203
2532170596,40204
2532667827,40212
3074890359,40216
2068881837,40218
3384987208,40311
3384994311,40324
3384956309,40330
2759735185,40336
2759843056,40336
3366256062,40342
3372785901,40353
3384987196,40361
3384961425,40380
3366256041,40383
3384996200,40403
3384465384,40422
3384961640,40437
2532666301,40475
3384996496,40484
3384996585,40507
3384961410,40601
3384996389,40741
3384951630,40741
3385004580,40769
2532665090,40962
3384956437,40965
3384961562,40965
3358939469,41001
3358897370,41001
3384996387,41002
3384987288,41015
4209881498,41018
3946345374,41041
2532170599,41042
3366291312,41051
3384961589,41092
3384987639,41101
3384996805,41143
4990712540,41164
4353554861,41171
3384994547,41171
3201389099,41224
3384994268,41240
2514760198,41501
2514770715,41501
2514770908,41501
2514754582,41501
4531614767,41514
2514770087,41572
3201344842,41649
3384987021,42003
3366285058,42021
3384996324,42064
3384956514,42071
3366255278,42078
3384961772,42101
3375791000,42104
4971136390,42134
2760004612,42160
4289263143,42217
3384987621,42220
4290368762,42240
3366292133,42276
2532665089,42303
3384465407,42330
3384961601,42420
3384961363,42420
2698144503,42503
2630735419,42553
3372907484,42602
3407769418,42629
3384961774,42701
3384996300,42701
3384952834,42717
3384987410,42718
3384465213,42748
3384994860,42765
2532665095,42765
3384465227,43014
1841966734,43026
3384961349,43033
3384961358,43040
3384952828,43068
1841618409,43085
1841985574,43103
3384961818,43130
3384961649,43138
2490379705,43204
1841949761,43206
2054399382,43206
2490379739,43207
2491136489,43207
2491128647,43207
2491065113,43211
2054433157,43213
1834065053,43215
3384987079,43215
2490379971,43227
2490400207,43231
3385004518,43232
3384994945,43302
4304983583,43311
3384994548,43331
1834121764,43338
3384956536,43344
1841956930,43402
3384986994,43420
3384956553,43420
1833610067,43443
3384994409,43449
1841966651,43502
1840224831,43506
3384962627,43512
3384996321,43512
3384987183,43528
1841949851,43545
2532667855,43551
3384956522,43551
3312948598,43607
2532666300,43612
2648380267,43612
2649461756,43613
2649223714,43613
3384956432,43613
2649235315,43614
3372785911,43614
4668503509,43615
2532170585,43616
4046923106,43616
1834064373,43623
2054876881,43716
3366324170,43724
4949855971,43731
3384994259,43780
2532678945,43821
2532666280,43907
1841618192,43912
3384994935,43935
3384994590,43950
4530406857,43952
4482562269,43953
3384952840,43964
3401286989,44001
3384987096,44001
3384465054,44004
3384960625,44004
4764732799,44011
3384951632,44030
3384464315,44035
3384987102,44052
3384961477,44052
3384987322,44057
2532678928,44060
3351242302,44067
2698007350,44074
3384996307,44092
3384987095,44094
4682988221,44102
3385004579,44103
2532659366,44106
4380884856,44107
4005552684,44110
2532665087,44111
3252840249,44117
4141761260,44120
3384465301,44121
3384996599,44124
2532659347,44129
2698008345,44129
3384465356,44129
3366272552,44130
3372916133,44130
3384994489,44134
3384987231,44134
1834056776,44135
3384994434,44135
3020777305,44136
3384465644,44141
3366277575,44146
3384961354,44147
3384960637,44221
3384956610,44224
3385004500,44240
3200045718,44256
3366256047,44256
3384961352,44270
3384994254,44280
4990712789,44310
3384465643,44321
3384994453,44406
3366278401,44425
3899513812,44432
2547714323,44460
1841966841,44471
2488956425,44481
2490354906,44481
2488979698,44483
4440753380,44505
3384994829,44512
1841966566,44614
3020228741,44621
3384961629,44622
3414721227,44659
3384465048,44662
3366277595,44663
1841963119,44672
4067317984,44672
3384956520,44681
2054309357,44691
3384996331,44691
3384952826,44709
2793934691,44811
1841977777,44811
3384996486,44814
1841977997,44818
2060396546,44839
2626936886,44851
3384956588,44857
3384994609,44870
3384987601,44883
3384994427,44883
3384994265,44902
3384956267,44906
1833610271,45005
3366255265,45011
3384994614,45036
3384994339,45036
3384465363,45044
3299234510,45044
3384994533,45068
4764837403,45102
1834126607,45121
4764939091,45133
4647727119,45133
3384994305,45140
1834112466,45150
3384996236,45150
1841949942,45169
4955751768,45177
3298810084,45205
4335482048,45206
3384987255,45211
3384465108,45211
2999799120,45215
3384996201,45230
4932935847,45231
3299232178,45232
4845002384,45238
4676490377,45240
3384987664,45240
2698084164,45242
3384465640,45244
2532659361,45247
2532665099,45248
2532678954,45305
4318010632,45318
3263610603,45320
1841977516,45320
2532678944,45322
2746027952,45324
3384994549,45331
3054696636,45356
3366272557,45365
1841956891,45373
4794443058,45377
3298810082,45409
4991000674,45410
3366291315,45415
4784889331,45417
4979442109,45424
3384960621,45426
2746027873,45503
3384961650,45505
3384996322,45505
2746071306,45506
3384994613,45601
3384994808,45601
1841966940,45628
1841978021,45631
3200135533,45631
4836652278,45631
1834112511,45638
3200107713,45640
4764782613,45669
4452363209,45680
3384961470,45690
3384994540,45701
3385004608,45710
3366117588,45769
3384465374,45833
3385001566,45869
1834121621,45875
3384465106,45879
1841956842,45880
3384961422,45891
3372785899,46001
3589218693,46001
2532665108,46016
2002919456,46034
4885573897,46036
2068807452,46036
2068807497,46040
2068874256,46041
3384996691,46044
3384996750,46051
3384994806,46052
2068879202,46062
2068879205,46065
2068389531,46069
2068807495,46072
3366272567,46077
2068881769,46077
3384956469,46112
2532665119,46120
3384961495,46122
2068366751,46122
2068879204,46123
2068520519,46131
3384996287,46140
2068867257,46140
2068414449,46140
2068414447,46151
2068366806,46156
3384987202,46157
2068366754,46160
1834047665,46173
1834056808,46173
2068791135,46173
1834047463,46176
1834048478,46176
1834056642,46176
3299218377,46202
3384987282,46202
2532667819,46208
2068807450,46208
2068874198,46219
3384465399,46222
3384956552,46222
4823497373,46224
3384465065,46224
2068881840,46225
3384987226,46229
2068414390,46250
4823331469,46268
3384465219,46303
1849117779,46304
1849117861,46304
1849245155,46307
2068414448,46307
2068881762,46307
1849629307,46311
2532665085,46312
3384996693,46320
2068406577,46322
2068895599,46322
1849621421,46322
2068366753,46324
2068867310,46327
2068881838,46342
1849088097,46350
1849094638,46350
1849094830,46350
2068867312,46350
2068791134,46360
1849251248,46368
2005901461,46375
3384987088,46383
1849110865,46383
2068378064,46391
3384955539,46392
1849252553,46404
2068791204,46407
1940553465,46410
2068914960,46410
2068389471,46501
1849088345,46506
2068879137,46512
3384961344,46514
1841913023,46514
1841588758,46526
2068389470,46526
3384465062,46540
1841949834,46544
1841963239,46544
1849112890,46550
1841966719,46552
1841913584,46561
4478107454,46563
3384961487,46567
2068520595,46567
1849110641,46580
1841985374,46601
2068895645,46613
1841913416,46614
1841956737,46615
1841985321,46616
2068389534,46619
2068378114,46703
1840224015,46706
3366272566,46706
3384994912,46710
3384956549,46714
3384987316,46723
2068378068,46723
1841587495,46725
2068406646,46725
3299232179,46733
3385004585,46738
1837867464,46740
3384987633,46750
2068520521,46750
2068881773,46755
3384961614,46767
2532678943,46774
2068867309,46788
1839638545,46803
1839353639,46805
1839353812,46808
2068791202,46815
1839638403,46825
1839337688,46901
2068881841,46901
1839080202,46902
3384956523,46902
3384987167,46902
3384996365,46910
1839318614,46911
2068895646,46932
2023466278,46939
3372907481,46947
2068881839,46947
2068879143,46947
1837932300,46952
3384994476,46952
1837992097,46953
3384465212,46970
1839319792,46970
1837987506,46974
1849110705,46975
2068791206,46989
2068389529,46997
1830776872,47001
2682721213,47006
2631626160,47006
2532678926,47006
2682678560,47006
3384961362,47006
3384994705,47006
2186291023,47006
2240833876,47006
4646148014,47006
2505498018,47006
1757967672,47006
3384994704,47006
3384961395,47006
3385004559,47006
3384956264,47006
3366272551,47006
3384994517,47006
3375793295,47006
3366277581,47006
3384956739,47006
1771902525,47006
1794690106,47006
1830815777,47012
1833568578,47022
1833578515,47025
1833568373,47040
3384956538,47042
2068895604,47043
1830744364,47102
2068914893,47111
1830052506,47130
1830034896,47130
3829877420,47145
1830034797,47150
2068389465,47164
1830034565,47166
3384952817,47167
1830744208,47170
1830572406,47170
1830572324,47170
1830047672,47172
2068879139,47201
2068389533,47203
3384996451,47220
2068791130,47220
2068520591,47229
3384961780,47240
1830776602,47250
1830766004,47250
1830766317,47265
1830776670,47265
2068867264,47265
1830765804,47274
1830760884,47274
2068874195,47281
2007614138,47283
1834112322,47302
1834121933,47302
2068791203,47303
1834121832,47305
2068791136,47305
1837593269,47320
1833608171,47331
1833609693,47331
2068914163,47334
3384994519,47338
1834056378,47346
2805048035,47348
2068406643,47359
3384987320,47362
1834065167,47362
1834057104,47362
2068791137,47362
2068366803,47362
1837095153,47371
4505627981,47374
1833608666,47374
1833608447,47374
1833607755,47374
3384960613,47401
2068791197,47401
3366285900,47421
2068914216,47436
3384987297,47441
2068881766,47441
1826047203,47501
1826047074,47532
1826037201,47553
2682721331,47567
1830003151,47586
1826037235,47591
1826087524,47591
1825986450,47620
2068879130,47631
2068879136,47648
1825986606,47710
2068867262,47711
3384994903,47711
1825986654,47711
2068414384,47713
2068406576,47714
3375791002,47802
3366285057,47802
3384956265,47803
2068791139,47834
2068520592,47834
3384465308,47872
2068378065,47874
1826100477,47882
1826087554,47882
2068791133,47904
3384996184,47909
2068791142,47922
3792972500,47923
2068914161,47933
2765524563,47952
2532659354,47960
2068520593,47978
2532678927,47978
2068414445,47989
2068914891,47990
2068914162,47994
2187849181,48001
2187681239,48015
2187620369,48026
2532659351,48043
2532170565,48044
2187655441,48047
3384961608,48054
2071362542,48060
2176683784,48060
3257318724,48065
2188976802,48067
3208506737,48067
4353193369,48067
2530988162,48071
3385004517,48072
2171673954,48084
3384996728,48084
3299234486,48092
2094200303,48097
3828453914,48101
2190469122,48103
2594005309,48111
2187053865,48111
2188976828,48116
2662561950,48117
3384956410,48118
3366256044,48124
3384996304,48134
2176543018,48135
4474583213,48139
2747090379,48140
2190713943,48146
2110551045,48146
3298810072,48152
2174460739,48154
3384465752,48154
2746875629,48161
2176743700,48161
2747144237,48182
2747090401,48182
2186267164,48183
2190453876,48183
3366324184,48185
2110563189,48186
2103700410,48186
2190496604,48197
3384465236,48197
2176552964,48197
3336630752,48203
3384465222,48205
2187908715,48208
3385001582,48226
1784647781,48226
3384996811,48226
3384994418,48226
2066117358,48226
2813960957,48226
3384956324,48226
3384961627,48226
2498070721,48226
2239056365,48226
3299228003,48226
3384996276,48226
1157672074,48226
4676489546,48226
2176743358,48227
3384987606,48227
3384987134,48228
4956405216,48234
3384950863,48234
2186298909,48236
2103700499,48240
3384996275,48310
2164040230,48312
2187527871,48314
3384994859,48315
2174460837,48317
2186488232,48329
2188964868,48334
2532666294,48334
2613877020,48335
2607440060,48336
2617078545,48336
3384956455,48341
2176543327,48346
3299234502,48348
2164033175,48375
2355659695,48381
3384956599,48381
2115365244,48420
3384996380,48421
2110550856,48423
3384994280,48423
2174455247,48427
3298810069,48430
2176629524,48439
2190744505,48441
2176668613,48444
2098734641,48446
3384987604,48446
2098734521,48450
2530955537,48462
2115364834,48505
3385004484,48507
2170908881,48507
2187515869,48603
2072024446,48603
2170891741,48603
2188976427,48616
3957133487,48616
2071346386,48622
2163978795,48625
2530998603,48640
2813949341,48653
3384961551,48655
2813994396,48661
2939073946,48706
3384961502,48706
2176569503,48708
2530989722,48726
3384994580,48731
3384987218,48732
2187847442,48746
2176570083,48759
3384465293,48801
2071362218,48811
2176683977,48813
3384956581,48837
3366291335,48838
3385004526,48838
2176431563,48838
2115457740,48842
2115458386,48842
3384961673,48849
2071271925,48858
3372916143,48858
2115364721,48867
3384464313,48879
3358700380,48890
2115433880,48910
3384961620,48917
3366272563,48933
3384465298,49001
2066205607,49007
2066210950,49013
3384996806,49015
2174849692,49017
2066123378,49022
2066123101,49031
3384952821,49036
2186349548,49037
3384465113,49037
2066122946,49038
2531700937,49046
2188976331,49067
2531054912,49068
3384961602,49078
2066219178,49079
2066219352,49090
2698878113,49091
3384996342,49093
2176553348,49094
2064679342,49103
2064675628,49106
2064679424,49107
2063520342,49120
2064676086,49120
3366118399,49202
3384994343,49221
3384961585,49221
3384465141,49236
2187532361,49247
2068854370,49306
3384465300,49307
2066233426,49315
2186367029,49319
3366285893,49321
2071258281,49340
2190523420,49341
3384951620,49348
3366324189,49404
3366117595,49408
3384465397,49415
2532678939,49417
3384956539,49423
2532665102,49423
3384996370,49423
3384987101,49441
3384465344,49442
2174878541,49455
3372916137,49461
2068853679,49503
2110592879,49504
3384987416,49505
2068841275,49507
3384994810,49508
3384996392,49508
2066300823,49546
2066300787,49546
2071259000,49601
2071243968,49677
2532667826,49684
3375790986,49707
3384996484,49735
3366272577,49746
2176743747,49770
2071329741,49774
2071289253,49774
3372785890,49783
3384465142,49801
2072023251,49801
2530965901,49801
2174364968,49829
2072021832,49849
2187661130,49854
3384987126,49855
2259757466,49858
2531081854,49862
3384996148,49866
4800180455,49930
2072023341,49938
2072067652,49946
2593574932,50010
3385001583,50022
2589363428,50023
2589363174,50028
2594042507,50047
4087629758,50049
2593638757,50054
3151258113,50125
3384994701,50126
3366285877,50129
3366272549,50158
2589510628,50161
2594011826,50208
2593736792,50208
3384961364,50211
2594054419,50213
3384994696,50219
3384987403,50220
2588102495,50263
4754170072,50265
2588121593,50309
3384465052,50313
2587751839,50315
2587727404,50322
3366285084,50322
2532665118,50401
3385001578,50441
3384961655,50468
3384994306,50475
3384987324,50501
3366292136,50511
3868668769,50533
3384987112,50583
4178971472,50595
3384951627,50604
3384955530,50627
3384994455,50659
3384994837,50659
3384986990,50677
3150320305,50702
2532170593,50702
3384996578,51028
3384950869,51031
3384955525,51031
3366324198,51237
3384465578,51250
3384961339,51301
3384994509,51360
3384465348,51401
3384961676,51449
3384956592,51462
3385004493,51503
3384465367,51534
3384987163,51534
3366291321,51537
3384961776,51566
3385001580,51601
3366117593,51632
3384955517,51652
2532659376,52001
2532678946,52040
3384996320,52101
4105231667,52135
4105208333,52141
3384956273,52159
3384961545,52172
3384994722,52209
3135594755,52240
3384994301,52240
3385004594,52301
3384956591,52339
2631736366,52401
3299227990,52402
2532667820,52402
2627063997,52404
2626287532,52405
3366278413,52405
2532667838,52577
3384465413,52591
2532667815,52601
3385001631,52601
2532666287,52632
3384956461,52641
2532667851,52722
3384996580,52732
3384987266,52732
3366278405,52747
3384956585,52761
2689761886,52772
3384955524,52803
3131430738,53005
2252187323,53010
2532170597,53014
2723062572,53027
3384961771,53045
3384465278,53050
4815160688,53074
3385004489,53074
3384956421,53081
2532665082,53083
2532667854,53085
3384994908,53094
3384987519,53094
2723024612,53095
3366285076,53095
2246668293,53105
2248492031,53115
2248527729,53115
2247859072,53121
2244249547,53142
2244248903,53143
2244248836,53143
2247888487,53144
2244269346,53144
2248482971,53147
2246675417,53182
2246702356,53185
3384994606,53204
2247892621,53209
3384961674,53211
3384465262,53217
2244291435,53219
4227433777,53223
3366272575,53226
3385001558,53403
3384996151,53403
2247892831,53404
3375790997,53405
2247883499,53405
2248527932,53511
2248593877,53511
2248587037,53511
2248492230,53511
3384465634,53516
3384996397,53523
2799252301,53533
3384987092,53534
2248586723,53545
3384994838,53545
2248617686,53548
3384996582,53549
3385001559,53549
4876480012,53551
2842718939,53562
3366285082,53563
2799208060,53565
3384952836,53569
2798414986,53588
2662463176,53590
2532665081,53705
3366324187,53713
2532667850,53716
3384956526,53719
3384465136,53805
2248587343,53807
2248642126,53818
2251632384,53916
2707130963,53934
3384996628,53959
2252181002,53963
3384956283,54001
3939094241,54016
3384961479,54016
2259711089,54115
2259733331,54115
2259698870,54140
2259734714,54143
2259770119,54143
2259758007,54153
2259757179,54154
2259717027,54162
3384465409,54165
2276127579,54166
3384994529,54201
4244614378,54201
3384987003,54205
3385004478,54220
2259717335,54234
2259733790,54235
2259734461,54235
2259711521,54302
3384465347,54302
2259716810,54303
2259716626,54304
2259716721,54311
2259716863,54313
3384961424,54401
2278029111,54403
2276129070,54409
2276128970,54409
2278029222,54411
3384987412,54449
3372916131,54451
2747107050,54452
3384994702,54452
3384996301,54456
3384464330,54481
4647596901,54487
2278020279,54499
2662531727,54501
2662504133,54501
2747139108,54546
2747129884,54552
3384961612,54566
3366277572,54601
3384956412,54650
3384996511,54652
3384996499,54665
3384465104,54701
3384465218,54701
3384955544,54703
4288814157,54720
3366256053,54720
4943063720,54724
3384465641,54729
3384996421,54730
3384956529,54751
3384994807,54751
3384996143,54768
2746405407,54819
2217411781,54880
3384465398,54880
2252187711,54901
2252181463,54902
2252152807,54902
2259635055,54911
2259182607,54911
2259710857,54911
3384996281,54923
2259774539,54929
2259770273,54929
2252181085,54935
2252195563,54935
2252181198,54935
2564880720,54945
2259698569,54952
2532666279,54961
3384987129,54971
3384465243,54971
3384956533,54981
2252749010,54986
3385001664,55008
3384994589,55008
3384961572,55009
3384994486,55016
2217485884,55021
2217483810,55021
2209962653,55025
3375793294,55025
3384996500,55033
3384987028,55051
3384987181,55056
2217517347,55057
2217495266,55057
2217517642,55060
2217517653,55060
3366118410,55063
2380465864,55066
3384994569,55075
3384987221,55082
2164049748,55102
3384465359,55104
2217438419,55105
3384996493,55106
2499035042,55106
2703163734,55110
2217483403,55113
3384961411,55116
2217485546,55118
3299244589,55120
3384956272,55125
2209923553,55303
2209843271,55321
2209843228,55325
2217402780,55330
2217483525,55337
3384465637,55344
2209815322,55350
2532678934,55353
2209852331,55355
2217406641,55369
2209923494,55376
3052481103,55379
3384994466,55387
3384465203,55391
4338191843,55401
3384996415,55404
3384465290,55404
2061126044,55405
2217438267,55407
3384987136,55409
3384956420,55409
2217406529,55418
2217411908,55418
2217438184,55420
2217406569,55422
3384996142,55423
3384960614,55432
2217299949,55720
2217316191,55720
2213129136,55731
3366292132,55744
2212173975,55744
2212579006,55792
2212555795,55792
2217299323,55805
2217411803,55805
2217225241,55811
3384465147,55811
2035451753,55912
2222468296,55940
3384465633,55947
2222465388,55964
3299218390,55987
3384961646,55987
3384994493,56001
2222468237,56007
3384996431,56013
2532170595,56031
2217483562,56071
3843467941,56073
3384961621,56088
3384956418,56093
2033075071,56110
2205410471,56128
2033087407,56149
2033085443,56172
4473539193,56176
2205419192,56187
2205410155,56187
2209806284,56201
2209815382,56201
3384987284,56215
2209814874,56237
2209820613,56241
4982884080,56256
2205410534,56258
3384952827,56258
2007615217,56265
3384996584,56267
2209815045,56277
3384465314,56278
2209820743,56281
3385001564,56283
3385001636,56296
3384996282,56301
2209843353,56301
2209957252,56303
3384465232,56308
3372916141,56308
2532170594,56308
3384465654,56320
3384956394,56345
3384996437,56345
2212049474,56378
2216062421,56401
2217226013,56425
2216062242,56431
2209962703,56437
2209858683,56438
3384994496,56441
3366255262,56470
4576935387,56474
3384987130,56501
3384996468,56501
3384987094,56514
2247250912,56520
3384465279,56520
3384956481,56537
2532665080,56537
3384996717,56542
3384994887,56560
3385001700,56560
3384465280,56572
3368046188,56584
2215979411,56601
2212064189,56621
2213151386,56649
3384465064,56701
2215954223,56716
2847863218,56728
2213578842,56751
2213891152,56762
3384987599,57004
1796571243,57005
1768427162,57006
3384994897,57006
1803772645,57013
1794656457,57022
1800989738,57028
1803782948,57042
1796583746,57042
1803764054,57066
1768498375,57069
1768492562,57069
1803773055,57078
1803783112,57078
1768428294,57103
1803764776,57104
1768427469,57104
1768427635,57104
1801030119,57201
1795430863,57201
1796583809,57206
1803773170,57212
3384465731,57225
1768349419,57226
1803773642,57231
1768428594,57252
1801030384,57262
1795430571,57274
1800995018,57274
1803764221,57301
2532665116,57301
1817589317,57313
1794670638,57325
1794655666,57350
1803772479,57369
1794655448,57380
1803782868,57401
1801058895,57401
1807254383,57430
1768363389,57442
1807220081,57445
1770909640,57469
1770927859,57501
3385004587,57523
1796571358,57567
1794656269,57568
3384994899,57580
1770928991,57601
1796571574,57701
3384994890,57701
1796583415,57702
1817661660,57717
1801058997,57717
1807254425,57747
1796584703,57770
1803807370,57785
1794690707,57785
4304913099,58060
3384996448,58075
3366272576,58078
2532678931,58103
2215954513,58201
3384950856,58201
2847875531,58220
2322880930,58251
2320792544,58301
2319310130,58341
2319365843,58348
2318021450,58368
2320739736,58425
1817655284,58436
2318137026,58438
2649488033,58501
2948300473,58501
2649462032,58503
1796584683,58533
2649235742,58554
2649462185,58554
2532667840,58601
2317286448,58701
2317275286,58801
2203351043,59044
4418705879,59101
2203351757,59101
3087989018,59102
2200192496,59105
2200143222,59270
2358510558,59301
2236046131,59501
4505799459,59522
2203351721,59523
2203351053,59538
2236069654,59635
2199854133,59711
1764214024,59715
1764201770,59715
3384994603,59725
2200143248,59808
3372916135,59808
3110380867,59840
2199853889,59901
3384994928,59901
3384465756,59912
3384464321,60002
2525059673,60004
2520703755,60004
2526186014,60012
4764863856,60016
2532342335,60031
2523840926,60033
3384996323,60034
3384987598,60045
2188975813,60046
2531457740,60047
3366118391,60048
2525060168,60050
2525060057,60068
2527942227,60077
2528180210,60077
3384986997,60077
2529287508,60081
2742231891,60085
2741980071,60085
4986324193,60085
4986383932,60085
3384996158,60099
3384465546,60101
2525028567,60102
2529280099,60107
4813616926,60115
2525093208,60118
3384994433,60119
3384994815,60120
2520116270,60126
2532678936,60126
3384465354,60126
2531759322,60131
2529280289,60143
2528368991,60148
3385001661,60148
2529151744,60154
3325766646,60160
4118568796,60164
2532667849,60169
2532298104,60174
2529286788,60181
3384961488,60185
3366256051,60187
3384994256,60187
3384961611,60410
2068914958,60411
2528369283,60424
4164722468,60429
4251777258,60433
3384987104,60435
2529280585,60435
3384987544,60435
3384956696,60440
3385001702,60443
3384961592,60450
3384951637,60450
3366255264,60450
2527911187,60462
3384994282,60462
3384996438,60463
2525059798,60469
3384465208,60477
2532659362,60477
2520589075,60501
2520515483,60506
3366277585,60510
2565222923,60513
2520717337,60525
3299227988,60527
2532170582,60540
2525066729,60543
2529219724,60544
2698290667,60546
2532170587,60546
2526279331,60546
2529229900,60552
2532298405,60561
2529062931,60617
1849628760,60617
2517357181,60619
3384465291,60619
2525093558,60619
3866102755,60620
2529056262,60620
3366117580,60620
3896203761,60620
2523840773,60621
3385001571,60628
2529063104,60629
2525004975,60630
2532342452,60632
3384996311,60634
2529287225,60634
2529251687,60636
3372788237,60638
3384961489,60639
3828141466,60639
2553990935,60641
4225591897,60644
2698290535,60644
2532665105,60646
2525028984,60649
2320813244,60651
2532667856,60656
2520605281,60657
3384956428,60660
3299244586,60706
2532667832,60706
2532341859,60714
3384951635,60714
2532387167,60805
2529151909,60827
3384956695,60901
2529063520,60914
2752215723,60942
2532170584,61008
2549803081,61024
3384465638,61028
2532659357,61032
2528353546,61048
4499349539,61063
4499330776,61072
2529587769,61104
3384994803,61111
2520116604,61201
3895954420,61201
3385004552,61231
3384961622,61231
3384955548,61238
3330651204,61244
3299234503,61254
2520279208,61264
2529230644,61265
3384994270,61265
3384994942,61265
2532659371,61270
3372916139,61275
2520278290,61279
2723997530,61342
2532388759,61350
2815029041,61350
3384465337,61353
3366291337,61354
3384465352,61354
3384961656,61356
3384994467,61356
3366255271,61401
2528183495,61401
3384994542,61443
2630734693,61455
2631176430,61455
2531470210,61467
3384994900,61548
2532665112,61554
2529229428,61561
3384465573,61568
2527961386,61571
2525029315,61604
2520702779,61605
3384465345,61605
3384956518,61607
2525004524,61739
2531600468,61740
2752195865,61802
2752411385,61832
3384996489,61832
2752725929,61833
3366285079,61834
2752203294,61853
2751658379,61910
2751857956,61914
4956257231,61920
2517895481,61938
3384994866,61944
2531469738,61951
2703189344,62024
3986790201,62052
2685159843,62062
2703215918,62095
2703220985,62095
2682678823,62208
2682749619,62223
1801026542,62226
2698173619,62226
2647108913,62231
2528353805,62234
3384465762,62237
3384996417,62249
3384465406,62254
3384987194,62258
3384956547,62269
3372788240,62269
2529151641,62301
2525093396,62301
3384994495,62363
3366272550,62363
3384961574,62420
2068895642,62441
2529252469,62448
2527978142,62450
3366285062,62454
3384996810,62454
3384955545,62510
2751852456,62523
2751658215,62526
3384956597,62526
3384996771,62530
3384464329,62557
2520504775,62563
3366285069,62568
2532170568,62568
3372788238,62618
2529151899,62626
3366324193,62650
2529287881,62681
3375793286,62690
2520605411,62703
2527930840,62703
3384987318,62703
3384961492,62704
2532665091,62801
3384987291,62821
2529181699,62830
2532666285,62839
3384996195,62863
2520678211,62881
2524534778,62901
3384956482,62901
1238307024,62918
3384961638,62930
2529156683,62946
3375790982,62946
3384956269,62951
3384994539,62959
3384955529,62966
3140806135,62979
3384994263,62979
2525066426,62995
3384961593,63010
3384994523,63011
3384956545,63016
1803035340,63016
1800966671,63017
1803194998,63020
3384961642,63026
1803199776,63028
3384950873,63028
3384996306,63042
1803044904,63050
3372916145,63074
3385001695,63080
3384961814,63084
3384956478,63104
1800900851,63107
1802963081,63111
3384987182,63113
3384961508,63113
1800901473,63115
1801026739,63117
1802955717,63122
1802943448,63129
1802950149,63129
1800989427,63130
1800966812,63133
4300491550,63136
1800900691,63138
3384961513,63141
1800966760,63141
1802943961,63144
3299218396,63301
3385004486,63334
1796582622,63343
1796570787,63353
2768565015,63361
1795452525,63379
4297475100,63401
3384994477,63401
1794690371,63401
1795430114,63435
4683951842,63445
1794690146,63445
1795430609,63456
1794655785,63501
1794656629,63501
4418755091,63544
3384996460,63549
1803216998,63640
1803200494,63640
1803711907,63645
1803206282,63664
1803216850,63664
1803712099,63701
1803217592,63755
1803217364,63764
3384956440,63775
1803719866,63780
1803713257,63801
1803764041,63801
1803720302,63801
1803763929,63834
1803720390,63834
1817407846,63841
1817502800,63841
1817533609,63857
1803764320,63863
1817533557,63873
1817496729,63901
1817503134,63901
1817480578,63940
1817407715,63957
3366285886,64015
3052649856,64052
4272188998,64060
3384961628,64080
3372907473,64124
3384987179,64131
3384996157,64131
3385004592,64149
2724083688,64155
1794573398,64424
3372785904,64454
1794655171,64456
1794656392,64504
3384465341,64505
1794656331,64506
1794655290,64506
1794670553,64628
4439510264,64735
3385001658,64735
3384962620,64735
3384465101,64772
1825910810,64801
1825903614,64801
1825915048,64804
3384994408,64850
1825958987,64865
1825914979,64870
3366256068,65018
3384996634,65051
3384961340,65084
2532667823,65101
3368899171,65109
3385001565,65109
3384987211,65109
3384961342,65202
2532667847,65340
3384996705,65355
3366324202,65360
3366272574,65453
3384996140,65483
3372916136,65536
3384961356,65548
3366285894,65583
4269152041,65605
3372788250,65606
3384465205,65622
1820472884,65625
3384996444,65625
2005908398,65653
3384994391,65655
1817552920,65706
3384465226,65708
1817534020,65714
3384987109,65721
1820429906,65738
3384994475,65742
1817552746,65775
1823085822,65785
3372788241,65791
4243373182,65793
2532678932,65803
1822965103,65804
1820429851,65806
1820314785,65807
1781269769,66002
1781255580,66002
1781364590,66012
1781292078,66030
2723372062,66032
1777413182,66032
3384987629,66040
1781374656,66044
1781374467,66044
3384961781,66048
3384996593,66048
1777517306,66064
4975849618,66066
1777524469,66067
3384994944,66075
1781468803,66101
1781468713,66102
1781370131,66102
1781463215,66102
1781483373,66102
4792424430,66104
1781456861,66106
1781463160,66203
1781463541,66204
3384956454,66210
2594143529,66436
1783534185,66436
3384987031,66439
3385001628,66502
2007614418,66502
1771861085,66531
1771902222,66536
1771854795,66538
1771854643,66547
1771860817,66547
1771854582,66548
1781291447,66603
1781291651,66608
1936221998,66611
3384950861,66611
1781269976,66614
1777517122,66701
1777460316,66701
1777459942,66739
2252103341,66783
3384994895,66801
1777517007,66839
1781255235,66901
1781171189,66949
4287506000,66967
3384996385,67010
3384994407,67010
1771563799,67026
2532667844,67039
3385001688,67042
1777412314,67045
3995201359,67060
3384465437,67063
3384987164,67068
3384465265,67104
3366256046,67152
2532666296,67152
2630424863,67202
2532659353,67206
1771572105,67206
1771563588,67208
1771574663,67208
1771572297,67211
1771574583,67213
2682720578,67214
1771574489,67214
1777421473,67301
3384987029,67335
1777411918,67335
1777411741,67337
1777459886,67357
1777412213,67357
1777358072,67361
1771605093,67401
1771839865,67401
1771835877,67410
1781170843,67420
1781154660,67420
1771517942,67439
3150314720,67456
4252279231,67460
1771601641,67460
1771854541,67487
1770770315,67501
1770770017,67530
1770801677,67550
1771548204,67654
1781114412,67661
1771553189,67665
1780985277,67735
1780985166,67735
4215944505,67740
3385001584,67749
1770724531,67801
1770725302,67801
1768483058,67834
1768498827,67864
1768492686,67871
1768482764,67877
1768498751,67901
1768498702,67901
4068486309,68003
3384996191,68008
3366285889,68025
1794398186,68037
3385001563,68038
3366278419,68048
1794514223,68104
1794544473,68110
1794435440,68114
1794398412,68114
1794446284,68117
3384961548,68124
3384956689,68128
3299227997,68152
2564023926,68164
1794550970,68305
1794551332,68310
1794551085,68310
1794571890,68310
1784680201,68405
1794544674,68410
1794550901,68410
2532665086,68434
1794544536,68463
2532170579,68467
3384465259,68503
3372788236,68504
3384465445,68510
1789920274,68510
1789913400,68528
1784506740,68601
3384987329,68661
3384465362,68701
1784446029,68726
3384994871,68763
3366278412,68779
3384994410,68781
3384994905,68801
1785222496,68801
1784506867,68847
3384956328,68847
1784697463,68901
1785197315,68901
1784679805,68901
1785197436,68979
2506503557,69001
1784445593,69044
2836059429,69101
1784445492,69101
2506528112,69138
1784445380,69153
1784344223,69153
1784384018,69154
1784324254,69162
1784472213,69201
1784338474,69361
3384956470,70068
2532665111,70114
3883300350,70116
3384996368,70117
3384465342,70126
3384987521,70301
3384994432,70360
3384994800,70364
3372785885,70380
3384996225,70422
3384996167,70501
2532659372,70506
3137431358,70510
3299244579,70520
3375793291,70546
3384996752,70570
3384994471,70578
3384994695,70601
3384994579,70634
3384987195,70634
3385004475,70647
3385004498,70722
3366256049,70726
3366255267,70764
3384994452,70767
3973084187,70806
4676498794,70806
2320803656,71040
4047684173,71101
3384465093,71101
3911500936,71109
3384996333,71111
2724421423,71201
2549758742,71202
4980267125,71202
3384956389,71263
2724421351,71269
3181689789,71291
3384465289,71294
2346155764,71301
3355776385,71301
3299234485,71301
3384996802,71334
4225700200,71360
2532170600,71449
3384956741,71449
2532667831,71483
3372785900,71601
3384961637,71635
4379661261,71639
2614123245,71646
3384994552,71655
4125318816,71701
4823504057,71730
3384994531,71730
3384956611,71753
3384956619,71801
3385004582,71832
3384961514,71923
3384950850,71923
3384987083,71943
2630734478,71953
3366285879,72015
3384987285,72022
3384961416,72024
4090813521,72040
2594054621,72076
2647769727,72082
4823328680,72082
4970542894,72104
3869753577,72112
3384987294,72112
3384987241,72160
2532667843,72173
2532659349,72211
2564828893,72315
2564860744,72315
2564850810,72315
4979730213,72396
3384956329,72450
3956273444,72451
3384994706,72543
3366324195,72638
3384987097,72701
3372907486,72701
3384961566,72703
2768582230,72712
3384465635,72715
4676489180,72740
2768536564,72756
3385001699,72761
2532667824,72762
3384955534,72801
3384956286,72933
3965632868,72956
4647646907,72958
2882622671,73006
3384956464,73008
2842815840,73018
2882734284,73023
2842815677,73036
3366292129,73044
3366285883,73052
2575850095,73055
2842817010,73064
3384465710,73077
4721112275,73099
3376471455,73102
3384465057,73111
3384465707,73116
3384951619,73134
3384996481,73160
3384960622,73401
3384996424,73433
3366285881,73446
3375790976,73505
3384956698,73507
3366285060,73573
2842816924,73632
3384994911,73648
2842281302,73651
3384987237,73662
3366118401,73701
3366285049,73703
3384961516,73737
4906072695,73801
3384961625,74006
3384987087,74008
3384994456,74008
3384956620,74016
3358366438,74020
3372785896,74021
4455427465,74033
2649829042,74055
3384994307,74055
3366272553,74063
4949946205,74063
2649828936,74066
3384996490,74104
3384996695,74112
3384994888,74301
3384996274,74354
3384465096,74401
3384994304,74426
2499148706,74429
3384996798,74437
3384996386,74447
4410423661,74447
4885574058,74464
3385001655,74464
3385001642,74467
3415131816,74631
3384994303,74701
4524366888,74701
3384950859,74728
3372907474,74743
3366324194,74743
3384950874,74745
3384465370,74804
3384465056,74834
3384961427,74848
3384987137,74873
3384956492,74883
3384961414,74954
1429022189,75023
1429335884,75040
1429022215,75040
1428685100,75043
1425941896,75048
3384465138,75061
4689738471,75075
1429022201,75087
3362143963,75090
3384955550,75090
3366277567,75110
3384465307,75110
2532678952,75115
4504881190,75115
3384996393,75119
3385006298,75142
3325255370,75160
2109554162,75165
4121375301,75165
3299218398,75182
3384987542,75203
3864934290,75216
2319814229,75216
4130145248,75217
2580493953,75224
3961338226,75227
2582949069,75227
3300422033,75232
1396474807,75402
3384465650,75402
3372785893,75402
3384987165,75428
4162162983,75495
4784974876,75501
3384465260,75501
2532170590,75559
3366118412,75601
2809950815,75602
4945366600,75602
3384994450,75633
2782304170,75657
3384987037,75662
2804679718,75670
2805850525,75670
4280799769,75702
2108471079,75703
3384956490,75752
3384465235,75758
3384962628,75765
3385001581,75789
3366278414,75790
3384996352,75801
3384961515,75860
4990552546,75860
3384961485,75904
3384960623,75939
2109028502,76009
3384465431,76013
4647432755,76023
3366324191,76053
3261890243,76063
3384950881,76063
2108762986,76065
1761222614,76067
4676433056,76086
1761222560,76086
3299234493,76092
2581726958,76104
3384465376,76104
3299228014,76107
2109536875,76111
2109526300,76114
3990104947,76115
3384464324,76126
4526277308,76133
2581727456,76135
4681131213,76201
3372785906,76234
3384465067,76351
3385004622,76444
3384956483,76457
3384956259,76504
3384987246,76528
3366324169,76543
4283682934,76550
3385001665,76574
3366255281,76667
3384996492,76691
3384996600,76704
3384996289,76705
2109554910,76708
4629869693,76710
3366324192,76801
3384465311,76802
3384465551,76825
4482258846,76834
3384987023,77004
2108420804,77012
4766632908,77020
4390497511,77022
4181390741,77022
3372785907,77029
4724253486,77045
3299244577,77055
3384987325,77060
3384465211,77065
4756181663,77073
4288805886,77076
2549804153,77088
3384465061,77089
3384994553,77092
3375790981,77092
3020536891,77098
3372785912,77098
3384955523,77327
3366292156,77340
3384996749,77351
3384994429,77396
3384996139,77396
3151315858,77414
3337556770,77418
4482346959,77423
3384956313,77445
3366291324,77445
4615930362,77478
3384961491,77484
3384956438,77486
3384961683,77511
3384465566,77515
3384961510,77519
3385001693,77535
1771590543,77551
3384961617,77571
3384994941,77575
3384961816,77575
4540454806,77578
4009376333,77583
2532665110,77591
3384961535,77651
2698252531,77801
4838628834,77802
3839162401,77868
3384986998,77868
3384961346,77868
3384951625,77954
3384996446,77995
3384950872,78006
3384987198,78016
2108466508,78028
3384961357,78028
2532678953,78041
3384996458,78061
3299232177,78073
3299232183,78073
3384994537,78076
4267887845,78102
3384994801,78140
1732672623,78154
4441190015,78202
3409479866,78219
3384465335,78219
2799252401,78220
3372916134,78239
4617215811,78362
3384465709,78363
3384996381,78363
4838281380,78405
3384956275,78516
3385004553,78520
3385004617,78541
3342534715,78572
4297615047,78572
3366285072,78586
2699311826,78596
3366324168,78602
3384987119,78621
3366292155,78621
3384994271,78628
3384994520,78633
3384987001,78636
3372907494,78639
2108762649,78666
3385004480,78666
4461696569,78702
2532667846,78705
3384994929,78705
3384956582,78705
3384465118,78705
3152081427,78741
2108356393,78745
3384996773,78753
3384996699,78754
4764685462,78757
2022547525,78758
3384464316,78852
3384994574,78945
3366255270,78945
3384956580,78957
3384994415,79015
3384465542,79029
3384996630,79045
3366255279,79065
4405280387,79088
2423087267,79106
2678162725,79109
3384950866,79226
3384987155,79331
3375790993,79347
2108382887,79401
3384994250,79401
4121392509,79415
1413001724,79504
1413238864,79510
1750916149,79536
3384987327,79549
3384956558,79549
3385004554,79553
1753280359,79556
1761258611,79556
3384994524,79567
1413002477,79602
1413238880,79602
1413002492,79604
1413238885,79606
3229185379,79707
3384956285,79714
1413002534,79721
1413003460,79764
3384996453,79915
2678162690,79938
2520704905,80002
2493713591,80011
2495416575,80012
4160212051,80017
2617367459,80020
2712318306,80026
4394509324,80102
2520704609,80104
3384465145,80113
2495539487,80120
2520703505,80129
3384956521,80134
2494055768,80138
3384996377,80203
2499401822,80205
2532678930,80211
2493930857,80211
3160978924,80218
2499446192,80220
2547635455,80223
2495539810,80223
3384961512,80231
2495444090,80247
2503977840,80303
2503954420,80303
3366285073,80401
3384961360,80439
2625174810,80451
2626834281,80461
2627048576,80487
4196920002,80501
3384996185,80501
3384994300,80524
3375793279,80524
3366272558,80526
3384950878,80537
3384996804,80538
3384465263,80550
2857618813,80615
2549778501,80620
2532170572,80631
3299228010,80631
2563777554,80634
2874738478,80751
3384961393,80810
3366255268,80828
2520704475,80907
2584309424,80910
2520703938,80910
2584290919,80910
2584951480,80923
2584291096,81003
3384961351,81073
2494155266,81212
2593783598,81212
2532428315,81301
3384987117,81401
3384952832,81416
2949118979,81501
2584290680,81504
4243335573,81506
3385001602,81650
1758414742,82001
1758274413,82001
1758278767,82070
1758414079,82201
1758413582,82240
1758296488,82301
2765544420,82401
2765544788,82401
1758461026,82410
1758475390,82414
1758473948,82431
2765544457,82435
2765500308,82443
2765524330,82501
2532678957,82520
3369927998,82601
1758460878,82716
1758474504,82801
1758473691,82834
1758256180,82901
1758259338,82901
1758474063,82941
1758274046,83101
1104135979,83201
1104480463,83201
1104480976,83201
1104136028,83202
1104135525,83204
1104135494,83211
3824488053,83213
1104480507,83221
2768526955,83252
1761320634,83263
2867237340,83271
1104136040,83274
1110642739,83301
2506991244,83301
1110603347,83301
1481461640,83316
1114677136,83318
1755447360,83318
1102144277,83330
3023640546,83333
1109719630,83338
1099252866,83338
1118816843,83350
1104135608,83401
1104480529,83402
1104488048,83420
1104136109,83440
1104480567,83442
1104480714,83501
1104480666,83530
1104481195,83539
3384956305,83605
4173184358,83605
1099218014,83617
1104488508,83638
2514834117,83642
4948950958,83646
1478185631,83647
2113626296,83651
4825299107,83651
1084501628,83651
3384962632,83661
4384720965,83687
3366324171,83702
4804775280,83703
2532665083,83706
1098887665,83706
1098880586,83714
1755604154,83714
1248440476,83805
1104481265,83814
1104481283,83814
1104481244,83843
1248351024,83854
4497004007,83854
1247670058,83864
1247670036,83864
1178688409,84003
1178249329,84003
1481545724,84010
1482249043,84020
1482248947,84029
1776114788,84029
1482248945,84029
1482248867,84032
1178530685,84042
1178987333,84043
1761918168,84044
1482249049,84047
1482249107,84047
1482248963,84058
1482248958,84062
1771861851,84065
1482249082,84066
2848665865,84070
1481545820,84074
1771902501,84078
2848590056,84078
1482249035,84097
4398208540,84103
1771902485,84106
1481545746,84107
1762029703,84109
1482248849,84111
1762061856,84111
1157688386,84115
1771902560,84117
2510203743,84119
1771861997,84121
3384994699,84123
1482248931,84123
1662248291,84302
1157173067,84312
1157446661,84318
1157477335,84321
1157499783,84321
1200719446,84401
1200719005,84403
1200685918,84404
1776114625,84511
1482249070,84513
2339568136,84604
1099239613,84606
1776145271,84624
1771860721,84647
1482249062,84655
1482249100,84660
2867257619,84663
1771613651,84701
1771902419,84701
1891343795,84721
1776154154,84721
2848566265,84741
1275039660,84770
1275049576,84770
1275055225,84770
1276263440,84790
3384955552,84790
1275049677,84790
2567460990,85006
3299244588,85008
2532666283,85018
3299244583,85020
3385004614,85020
4759785626,85041
4759636071,85041
3298810071,85054
3384994870,85122
2550180683,85137
1701842613,85142
4676312783,85201
1701803297,85201
3384956554,85205
3111520598,85207
1701689519,85210
1701689477,85225
3384956431,85225
2816431502,85233
2949118905,85251
4759636424,85281
1749276207,85282
1702414114,85282
3384961507,85321
1730579199,85323
2532667816,85335
3384996155,85338
1749293819,85351
1711641729,85351
1711631918,85375
2759678407,85390
3384961558,85392
2769425980,85546
3223936802,85546
1686938593,85629
2894647664,85635
2816432404,85650
1665282716,85713
1664083439,85716
2631830745,85716
1645836109,85755
2769426213,85901
2769213128,85939
1706876146,86004
1706425861,86047
1704953577,86047
1749017167,86303
1749060472,86303
2759816295,86322
2757427463,86403
2757456217,86409
4577036268,86442
3309925007,87002
3366277591,87102
3299232180,87107
2532678955,87110
2836447319,87301
2909607918,87401
2836818679,87401
3385001697,87505
3384956584,87532
4306052159,88030
2836852888,88061
2648358217,88119
3384987515,88220
2814671951,88240
3366285080,88260
2836852912,88310
3384987280,88415
1248874615,89005
3181724695,89008
1256856043,89011
1275039982,89021
3384961532,89048
3384994725,89101
2607206929,89122
3384996378,89130
1248875385,89147
2196488051,89423
1239909521,89445
2599986308,89503
2504066546,90011
3384956302,90012
3384987171,90018
2489241484,90022
2490384906,90023
2489261609,90023
2195718840,90038
2504065432,90044
2195896468,90045
3384465146,90068
4304736174,90210
2504031090,90221
2196488425,90250
4955756585,90260
2504066294,90262
3384987177,90266
2195818868,90275
3299227987,90275
2504030747,90280
3987335322,90301
4208656948,90305
2166428713,90503
2791853600,90601
2490354883,90621
2489241775,90631
2196488320,90640
4297597375,90650
2504018105,90650
2490354628,90650
4030642275,90706
3384956499,90731
2195818008,90807
2503992976,90807
2504063347,90808
3384465261,91001
3299227984,91205
3384987098,91214
2532678938,91324
3384996430,91331
4316936417,91340
2195884373,91401
3384961539,91723
3384987289,91730
4455461452,91755
4971032586,91762
2769196536,91766
2769425925,91767
3384987539,91910
3384994416,91911
1702437075,91942
2532659360,91942
1703909574,91945
1702530894,91950
2799377287,92020
3369694855,92025
1710267891,92025
1711152872,92025
4028502925,92028
3366291314,92083
1702437131,92102
3384961528,92113
2801868278,92115
1702530865,92115
1703968708,92115
1702414245,92117
3384956737,92220
2768695524,92234
2768941138,92236
2768695393,92240
2768917523,92260
3384961678,92307
2504031392,92324
3372907475,92336
4297184647,92373
3384956434,92373
3384987100,92404
3384994459,92404
3384994279,92410
3385001598,92503
3384956466,92509
3384987192,92518
2387425527,92543
1711163536,92543
1711163639,92562
4090658333,92585
1710172712,92590
2636504463,92604
3384994267,92637
2195751218,92780
3384996696,92805
3375793292,92821
1729968730,92825
4456230218,92841
2636956279,92866
3384951629,92866
3384465309,93003
4504576281,93010
3384996800,93012
2769425794,93030
2196487896,93063
3384956535,93101
3384465317,93105
3384961587,93221
2495563842,93247
2495579206,93257
2495539956,93257
2196488473,93263
2532665094,93274
2616719087,93277
2504063491,93301
2504065658,93301
2504065578,93304
2504063286,93306
2504065525,93307
2504018600,93313
3384956541,93401
4549230856,93420
3366277569,93436
3384987418,93534
3384956690,93612
4069389925,93618
2196522345,93625
3384996463,93635
3366291317,93650
2166037944,93654
2576422370,93706
3384994465,93706
2608981370,93721
4971632501,93721
3384465351,93721
3384994333,93901
3384465109,93905
3384465287,93940
2489129046,94010
2599864866,94014
2195885561,94014
3384956430,94014
2598985283,94025
3384994891,94061
3384987124,94102
3385001562,94110
3384996729,94306
4474869616,94402
3384987240,94510
2195767644,94533
3384987128,94533
3384987093,94538
3384465098,94541
2614240419,94546
3384465381,94559
2195818616,94566
3384996756,94568
3299244571,94588
3372788248,94591
3384994571,94609
2195861348,94945
3384465150,94952
3366285055,94952
2529280817,94960
4164921250,95008
4164928693,95030
3299232195,95060
3384987174,95076
3384996513,95076
3384996797,95112
2785078052,95116
2781913533,95125
2781913236,95128
3384994390,95128
3384956393,95129
2621986175,95202
2621564725,95205
2741331231,95215
2625156560,95240
3384987243,95336
3384465754,95350
3384987570,95354
3384987161,95361
2195752761,95380
3299228000,95380
3384987319,95404
3366272556,95409
2765591875,95425
3384996592,95453
4549279585,95453
4549279559,95457
3384465095,95540
1732243170,95603
1730426595,95608
1800884496,95608
1800966857,95608
1740275604,95610
3384987078,95624
2532659374,95630
4549279614,95630
3384956436,95642
3384994485,95672
1733833023,95677
1733810705,95678
1733715904,95678
1734446060,95678
3366292157,95687
1730277758,95691
3384996803,95695
1730425856,95811
4524814654,95814
1730437970,95815
3384996440,95817
2196487265,95819
1800869031,95820
3384987123,95820
1800875453,95824
4549268687,95901
2765591917,95926
3384987106,95928
3384956401,95928
3384465763,95932
3384961480,95945
3366324182,95965
2195752446,95973
4549221548,95991
2765544524,96007
2195768002,96093
3372916144,96097
3384996353,96150
3366117598,96161
3384996279,96720
3366324183,96744
3124740534,96817
3052468640,96910
1258341217,97006
3384994411,97009
3384987085,97013
1874266218,97023
1298785861,97045
1282082895,97048
3384465238,97051
1315479424,97055
1244875948,97080
3366256042,97103
1258341255,97116
3366272565,97116
3384987080,97132
2698266233,97141
3384994511,97202
3366277582,97206
1240089017,97213
1240073070,97214
4714055837,97219
1244875928,97219
3299244581,97219
1244875959,97222
3384996303,97223
1240088974,97227
3384956409,97267
1298786205,97301
1298786149,97302
1298786041,97302
1298988618,97321
1298988573,97321
3384956463,97330
4944279679,97338
1755589402,97338
4510548516,97338
1299160586,97355
3384956516,97362
1755603852,97383
1755558611,97383
1755589299,97386
1874135592,97402
1758255699,97405
1756470206,97415
1755640422,97420
3384987622,97470
1755671328,97470
1757984283,97477
1758258992,97477
3385004494,97504
1757841931,97520
1756471281,97526
1757838623,97527
3384994341,97601
1757967206,97601
3396391419,97630
1244876303,97703
1244734782,97720
3366278420,97754
1244875854,97756
1236385410,97801
1215179691,97814
1126579422,97814
3384994898,97834
1236397012,97838
1126580834,97850
1743084132,97862
3384994494,97918
3384996517,98002
1437192270,98002
3384994428,98005
2724339445,98027
1435201212,98031
1439008087,98032
3366277584,98032
3384994431,98034
3805070065,98056
2685160636,98057
4785374616,98070
1439007865,98071
3384951639,98101
3384956390,98116
3384994439,98118
4764145594,98122
2532667834,98201
3372916142,98208
1453943226,98221
1439530595,98225
3384994543,98225
1439008280,98225
1437192386,98226
3366272560,98229
2239251673,98233
1439530444,98264
2335945352,98273
1454517910,98273
2239251409,98277
2239251563,98277
1454422534,98284
3384960636,98292
1439007998,98321
3384956612,98332
2239244365,98362
1753424528,98362
1753440044,98366
3366292137,98371
1398127406,98372
2335930629,98387
3384996309,98390
3384962621,98405
3384996420,98409
3384996316,98501
1753440387,98503
2240833229,98520
2240823682,98520
2240834231,98550
1755570398,98577
1753424614,98584
2240834465,98591
2240833528,98596
1257324423,98607
1257350145,98607
2240823876,98631
1281192294,98632
1280271574,98660
3384994396,98661
2529287798,98661
1753280279,98801
1752662176,98801
1753295449,98802
3384996620,98816
2236010383,98823
3385004568,98848
3375793281,98901
1752661510,98901
3384956404,98922
2549782206,98926
1743164650,98936
1743164640,98944
1248440645,99004
2240834719,99111
2240856313,99114
2240833784,99156
1248329871,99161
1104480749,99163
1248440727,99169
2335946376,99205
4009487879,99207
3384961599,99207
2240833700,99208
2475991827,99224
1248490488,99301
1743123040,99336
1248490461,99338
3298810079,99352
3299234508,99352
1743084157,99362
1743123603,99362
1104480704,99403
2532678929,99501
3385004590,99508
3384996723,99515